,user_name,user_description,user_location,user_verification,date,text,hashtags,source,retweets
0,Not The Krookodile Hunter üá≤üáΩ,Hola seguidores.  Estoy de incognita para que no me cachen y me vuelvan a suspender.  Desde aqu√≠ pueden subscribirse a mi canal en YouTube.,"Richmond, CA",False,2022-06-22 10:48:30,"@HarpyGoth Brad the Roseate Skimmer
Ryder the Knob Billed Duck
Plutarch the Horned Puffin
Pines the Long Tailed Pangolin. https://t.co/SPWAo9BC6o",,Twitter for Android,0
1,Saravanakumar CS,,,False,2022-06-18 09:08:30,@save_pangolin @Vikash_BR @UtkarshSingh_ fuckin arse... if u r worried about what to do after 4 years do not apply... no one is compelled... only youth loving their nation will select agnipath.. others can sell ground nut and save for pension,,Twitter for Android,0
2,The Left isn't divided the center is üêåüçÑüêôü¶îüò∑üêå,"Lennonist dreamer, peacenik. Snark and sarcasm are par on my public course.",üê¢üèù,False,2022-06-17 12:56:51,"If there‚Äôs anyone around in 2622 maybe they‚Äôll settle on the pangolin‚Ä¶

‚ÄúGround zero for the Black Death finally found after 600 years‚Äù by @MetroUK 
https://t.co/uzTC9sZ9AV",,Twitter for iPhone,0
3,Phillip Templo Jr.,"Pathology Residency Program Director @ https://t.co/t1QFgDKh4y
‚Ä¢ Former Trainee @ https://t.co/w4URd92J46 ‚Ä¢
YouTube: https://t.co/PEu6J8E93E
ResearchGate: https://t.co/HVepCYNjb9 ‚Ä¢
100% INTJ",Manila: All views are my OWN,False,2022-06-23 17:23:47,"@pripri_gosakto If they tell you once again na may dugong kastila sila especially if they don't look like they have, ask them,      how many drops ?. üòé",,Twitter Web App,0
4,RENOüêäüêä,no way‚Ä¶.he just ate my hair :3c,Your moms house,False,2022-06-23 16:16:45,@fizzygoop Well sucks to suck dugong I have a 92 overall average,,Twitter for iPhone,0
5,atap jebol,salonpas kiyowo,kilometer Terakhir,False,2022-06-23 14:23:27,do i look i give a fuck?,,Twitter for Android,0
6,chang,"GENDAH FLUID
she/her/they/them",Milliways,False,2022-06-23 14:23:09,"Being dugong Kastila as a Filipino means your ancestors were either settler-colonizers or were taken advantage of by said settler-colonizers. Not something to take pride in, really. https://t.co/oD6e2fqFVR",,Twitter for Android,0
7,Charlie Bird,Once a voice for voiceless. Now (like most) an echo. Harping on about politics. Modern-day killing of endangered/vulnerable sea turtle/dugong is indefensible.,Australia ,False,2022-06-23 14:13:51,"Endangered/vulnerable sea turtle. Australia.

Rampant, illegal cruelty. Unpoliced.

This is an example of what is routinely happening to the now endangered and vulnerable sea turtle and dugong, Australia-wide - from motorboats.

Cruelty is cruelty.

Unpoliced. Care factor = 0 https://t.co/TjtMGjcqCf https://t.co/5zPueqIF7j",,Twitter Web App,1
8,Oona Paredesüå∫,UCLA Asian Lang&Cult prof ‚ñ™ Anthropologist/ethnohistorian of Higaunon Lumads & other Indigenous peoples of Southeast Asia ‚ñ™ Mindanawon ‚ñ™ she/her/siya,"Planet Earth, mostly",False,2022-06-23 14:12:00,@pripri_gosakto I'd rather be part-dugong https://t.co/ZtE22XUjDU,,Twitter for Android,0
9,Shairo J,Ph politics is a joke,,False,2022-06-23 14:09:09,"@MeridaJoem @Jimparedes @serenity1434 @AlfredoGenom That is a very stupid statement. In a project, the President mostly ever work on the plans and the initial phase. Did Digong in his ""Build, Build, Build"" ever nail anything aside from women? If the plan is already set, what would the President even do? Just Dugong sightseeing?",,Twitter for Android,0
10,Shairo J,Ph politics is a joke,,False,2022-06-23 13:54:10,"@manilabulletin Good riddance, Dugong.",,Twitter for Android,0
11,hope; üå±,|| vent account ; any pronoun ; tired pos ||,in a dark room,False,2022-06-23 12:56:10,"why does it (i.e. having dugong kastila) currently even matter tho?
(genuine question) https://t.co/QxMLcpy8sT",,Twitter Web App,0
12,Sheri Lopez,merhaba,Costa Rica,False,2022-06-23 12:43:28,"You discover a mystical tower.
In the distance you see a glowing dugong.
Who lives here?",,"Cheap Bots, Done Quick!",0
13,Karin Zapata,‚Ä¢ Designer ‚Ä¢ Flamenco's Dancer ‚Ä¢ Communicator ‚Ä¢ Creative ‚Ä¢ Freelancer ‚Ä¢ Speaking Native Spanish/Maybe you Understand my English&Italian ‚Ä¢ To be continue... üçÉ,,False,2022-06-21 22:08:17,"‚ÄúDid you know that #manatees are related to elephants? 

Manatees are large aquatic mammals, and sometimes they‚Äôre referred as ‚Äúsea cows‚Äù

There are three manatee species worldwide - West Indian, West African and Amazonian - All three are listed as vulnerable to #extinction‚Äù https://t.co/SEtyDcYnaX","[{'text': 'manatees', 'indices': [19, 28]}]",Twitter for iPhone,2
14,MR,PERMISSION TOüíóGOD. THE REAL MAGICIAN. I‚ÄôM VEGAN&I‚ù§Ô∏èKING JESUS&QUEENMARY. K. JESUS‚ù§Ô∏èIS MY ROCKSTAR&SUPERHEROüêãüê¨üå™üëΩüôè.MARRIED. No dm. NO porn. I WON‚ÄôT GIVE UP.,Planet Earth and ‚Ä¶,False,2022-06-16 13:44:16,"https://t.co/iMaMAiaNnF Pls Pls sign and help saving the animals of Amazon ( pink dolphins, alligators‚Ä¶) The manatees of the Amazon Forest üå≥ need us as well. https://t.co/z4HhtRSBSJ pls Queen Mary help @jairbolsonaro and his wife to put their noses into it! https://t.co/7MYX0OhslB https://t.co/WMnvVgRWWg",,Twitter for iPhone,0
15,Josh Price,"Marketing (of the digital kind), Books, Gifs, Memes, The Simpsons, and a cold, dreadful sense of reality. He/Him/‚Äúthat loud guy‚Äù","Casper, Wyoming",False,2022-06-22 20:48:15,"Inspired by my good friend @kierisi this is the system of measurement which I will use to not so subtly brag about my weight lifting PRs going forward. 

As of today, my new bench PR is Mature Harbor Seal 
Monday I set my new squat PR at West Indian Manatee. https://t.co/JuGC1SzFHT",,Twitter Web App,0
16,GeekysCorner,I draw on my main @GeekyTheArtist ‚Ä¢ I'm asexual biromantic and go by any pronouns under the sun ‚Ä¢ I joke around here to avoid my crippling anxiety,Gay Land With The Bois,False,2022-06-22 02:53:44,"Western Grey Kangaroo, West Indian Manatee, Whiptail Wallaby, White Faced Capuchin, White Fronted Capuchin, White Handed Gibbon, White Lipped Peccary, White Tailed Deer, Wild Cavy, Wild Goat, Wisent, Yellow Bellied Marmot, Yellow Footed Rock Wallaby, and Yellow Toothed Cavy",,Twitter for Android,0
17,Karin Zapata,‚Ä¢ Designer ‚Ä¢ Flamenco's Dancer ‚Ä¢ Communicator ‚Ä¢ Creative ‚Ä¢ Freelancer ‚Ä¢ Speaking Native Spanish/Maybe you Understand my English&Italian ‚Ä¢ To be continue... üçÉ,,False,2022-06-21 22:08:17,"‚ÄúDid you know that #manatees are related to elephants? 

Manatees are large aquatic mammals, and sometimes they‚Äôre referred as ‚Äúsea cows‚Äù

There are three manatee species worldwide - West Indian, West African and Amazonian - All three are listed as vulnerable to #extinction‚Äù https://t.co/SEtyDcYnaX","[{'text': 'manatees', 'indices': [19, 28]}]",Twitter for iPhone,2
18,Jared Sachsenmeyer,,,False,2022-06-21 16:02:27,@JoCat105 West Indian Manatee,,Twitter for Android,0
19,D. Scarnecchia,Sr. Tech PM and Product Owner helping build drug safety surveillance tools; @GSPIA MPIA; Former VT goatherd ‚Åä @HHI_Signal; Words mine; Currently undefined,"Cambridge, MA",False,2022-06-18 12:07:07,"@rejectionking @kierisi @generativist @cakotz Obese West Indian Manatee, and should be pulling a Mature Bluefin Tuna pretty soon.",,Twitter for iPhone,0
20,The Mall Krampus,"Bennet Bro. Mostly bad but well-read snark. GrillCath Ordolib. RT = Regrettable Tumescence, Likes = Stochastic RTs.",Middle America,False,2022-06-18 01:12:14,"@rejectionking @kierisi @generativist @mountainherder A West Indian Manatee, though in my prime it was a mature bluefin tuna",,Twitter for iPhone,0
21,Pinellas Patch,"Local news, alerts, events and more. We're your source for all things Pinellas.","Pinellas Park, FL",False,2022-06-16 18:54:55,Clearwater Marine Aquarium Research Institute is working to save both the Antillean manatee of Belize and Florida's West Indian manatee. https://t.co/EXVZlCuu4u,,SocialFlow,0
22,Largo Patch,"Local news, alerts, events and more. We‚Äôre your source for all things Largo.","Largo, FL",False,2022-06-16 18:54:34,Clearwater Marine Aquarium Research Institute is working to save both the Antillean manatee of Belize and Florida's West Indian manatee. https://t.co/niMvpngwYZ,,SocialFlow,0
23,Gulfport Patch,"Local news, alerts, events and more. We‚Äôre your source for all things Gulfport.","Gulfport, FL",False,2022-06-16 18:54:28,Clearwater Marine Aquarium Research Institute is working to save both the Antillean manatee of Belize and Florida's West Indian manatee. https://t.co/CLJUXrjaxa,,SocialFlow,0
24,Tarpon Springs Patch,"Local news, alerts, events and more. We‚Äôre your source for all things Tarpon Springs.","Tarpon Springs, FL",False,2022-06-16 18:54:26,Clearwater Marine Aquarium Research Institute is working to save both the Antillean manatee of Belize and Florida's West Indian manatee. https://t.co/RJPV2ycHFU,,SocialFlow,0
25,African Aquatic CF,The African Aquatic Conservation Fund is dedicated to the preservation of #Africanmanatees #turtles #cetaceans & their habitats throughout the African continent,"Ngazobil, Senegal",False,2022-06-23 13:55:27,Nice new article out today from @savethemanatee  about a recent African #manatee rescue by our partner @DrDunsin and his team in #Nigeria https://t.co/HhnJj209x4,"[{'text': 'manatee', 'indices': [72, 80]}]",Twitter Web App,0
26,Karin Zapata,‚Ä¢ Designer ‚Ä¢ Flamenco's Dancer ‚Ä¢ Communicator ‚Ä¢ Creative ‚Ä¢ Freelancer ‚Ä¢ Speaking Native Spanish/Maybe you Understand my English&Italian ‚Ä¢ To be continue... üçÉ,,False,2022-06-21 22:08:17,"‚ÄúDid you know that #manatees are related to elephants? 

Manatees are large aquatic mammals, and sometimes they‚Äôre referred as ‚Äúsea cows‚Äù

There are three manatee species worldwide - West Indian, West African and Amazonian - All three are listed as vulnerable to #extinction‚Äù https://t.co/SEtyDcYnaX","[{'text': 'manatees', 'indices': [19, 28]}]",Twitter for iPhone,2
27,"Harold E. Byrd, Jr.","Former Councilman City of Bradenton (5 Terms) - U of Miami, Morehouse and Eckerd College - U of Phoenix MPA - FAMU College of Law J.D. #Resist #BLM #FBR #DrCole","Bradenton, FL",False,2022-06-21 21:04:46,For the first time in decades only voters in Manatee County School Board District 2 will decide who will represent them - African American voters number 8598 #SingleMemberDistrict #ManateeSchools https://t.co/kGx6EV0isM,,Twitter Web App,1
28,Slashy- üîû; Spoilers (OP&FFXIV); Multishipper,"Gamer Homebody, here #forthekids but still 30+, #blacklivesmatter - FFXIV 5.55 Spoilers; One Piece Hyperfixation since Jan 2021 (Multishipper, Spoilers Abound)",PFP by @hincaru,False,2022-06-22 19:58:24,"@fruitybnuuy It is such a good sort of thing to become Fanon, yanno? (I have So Many Shachi and Penguin headcanons, I love them so much)

It absolutely *does't help*. What if it was a mountain lion grandparent with the zebra grandparent, so Shachi gets to have some *real unsettling* screams.",,Twitter Web App,0
29,fi*na,therapist | dog mom | she/her,,False,2022-06-22 19:50:49,@randompotato84 Mountain lion or zebra (they‚Äôre surprisingly super aggressive lol),,Twitter for iPhone,0
30,GeekysCorner,I draw on my main @GeekyTheArtist ‚Ä¢ I'm asexual biromantic and go by any pronouns under the sun ‚Ä¢ I joke around here to avoid my crippling anxiety,Gay Land With The Bois,False,2022-06-22 02:32:01,"Mountain Goat, Mountain Tree Shrew, Mountain Zebra, Domestic Mouse, Moustached Tamarin, Mule Deer, Musk-ox, Natterer's Bat, New Zealand Sea Lion, Nilgiri Langur, Noctule, North American Porcupine, Northern Elephant Seal, Norther Fur Seal, Northern Quoll, Olympic Marmot,",,Twitter for Android,0
31,Lorrae Wolmarans,,"Port Elizabeth, South Africa",False,2022-06-21 06:09:07,Just posted a photo @ Mountain Zebra National Park https://t.co/b8UZTXGUdd,,Instagram,0
32,Tom's Bot,"I'm a bot. I'm a cyber senpai-seeker. I tweet much more often than Tom (twice per hour)
Powered by https://t.co/H9vUlFcYDL!",Somewhere on the internet,False,2022-06-20 21:33:23,An A press is an A press. You can't say it's only a half. Who did you expect? Sportaflop? - the blue zebra of the mountain called Tom,,"Cheap Bots, Done Quick!",0
33,Dashing,"He neighs, he trots,
he'll love you lots ü¶å‚ô•Ô∏èü¶ì

18+ / Zebra / Nsfw-ish / Wolf fursuit by @FoxesBoxesSuits / banner by @MsEmpressRising",,False,2022-06-19 01:53:08,@ChocoHorse_ Needs an endless mountain dew goblet,,Twitter for Android,0
34,Brian Lilly,"There is no fundamental difference between man and animals in their ability to feel pleasure and pain, happiness, and misery.‚Äù¬†
‚Äï¬†Charles Darwin","England, United Kingdom",False,2022-06-18 15:26:43,Happy 1st birthday to Hartmann‚Äôs mountain zebra 'Tamali'. Here she was at 1 week old @PaigntonZoo #zebra https://t.co/WkYVNC9e2T,"[{'text': 'zebra', 'indices': [98, 104]}]",Twitter Web App,1
35,Zoophilist Facts,Are you a zoophilist? Add this account and you'll see facts about the amazing animals that live all around the world.,Earth,False,2022-06-18 09:55:00,"Zebras once roamed all habitats in Africa, with the exceptions of rain forests, deserts, and dunes. Most zebra species live in arid and semi-arid plains and savannas of Africa. Mountain and plains zebras live in family groups or harems. https://t.co/Ky8CyxuDdX",,Twitter Web App,2
36,sweet nothings,"to punkin - you're the bee / you're her knees / you're the unicorn's sparkly sneeze. daily sweet, absurd nothings. A Twitter bot by button, aka @MrPatch","in your ear, softly whispered",False,2022-06-18 00:44:46,"üåº üåª
 you're Leonardo da Vinci the Mountain goat, who blinks water chestnuts
 you're the zebra's straight, scruffy ball gowns, rapping along the coal mine
 üíÆ üíê",,"Cheap Bots, Done Quick!",0
37,üçì Jeremy Krueger üéÆ Targeted Individual,"Jeremy is terrorized hourly by voice/shock therapy üìø
Alone for 7 years
Ill, USA
#schizophrenic #autism #indigochild #omnism 
https://t.co/Aeg5opII8U",Targeted since 2015,False,2022-06-17 23:06:54,"@RedTezla1 All of mine feel like an ice cave 
Try zebra calcite mountain",,Twitter for Android,1
38,FlyingFeathersHolidays,"A Travel Company ‚úàÔ∏è that ensures you return with Lots of Wonderful memories 
Reliable | Reasonable | Intl & Domestc tour Packages | Luxury in Budget","Pune, India",False,2022-06-23 12:19:16,"*Flying Quiz*
Guess the State ? 
Hints
1. Famous for Tea and Silk. 
2. One horned indian Rhinoceros. 

@rainaakki @206Globe @PankajRaina2020 @Ankajtickoo @MishikaAnd @vaishanvi1508 @AndPomal https://t.co/uYPQyBvCFo",,Twitter for Android,0
39,Leon Kraversky,,,False,2022-06-21 12:41:46,"Did you know that a #unicorn is actually based on a true animal - the Indian Rhinoceros, which had been considered a legendary creature across Europe and described as a beast with a body of a horse, feet of an elephant and a single horn on its nose? https://t.co/XG4abgf7F8","[{'text': 'unicorn', 'indices': [20, 28]}]",TweetDeck,0
40,NV Raja Shekar,I am a retired Forest officer and wildlifer. Enjoy watching wildlife videos. Wish to spread awareness about Forest Conservation and wildlife protection.,"Hyderabad, India",False,2022-06-21 07:41:24,Destruction of car by a Two horned Rhinoceros in an African National Park. Such stalking and harassment of the Rhinoceros or any wild animal is not allowed in Indian National parks and Wildlife Sanctuaries. #wildlife https://t.co/dvXZPMrVL6,,Twitter for iPhone,0
41,Dr. Deba Kumar  Dutta,"Conservation Biologist,Writer, blogger, Musician, Member IUCN/SSC Asian Rhino Specialist Group,
IUCN /AsRSG Accredited Rhino Monitoring Instructor. Opinions own","Guwahati, Assam",False,2022-06-21 07:38:00,"#Indianrhino
#GorumaraNationalPark in #Northbengal was established in 1994. It is primarily known for its population of Indian rhinoceros. @WestBengalTrsm 
@hodilu @savetherhino @Westbengalforest https://t.co/WxzhreawB2","[{'text': 'Indianrhino', 'indices': [0, 12]}, {'text': 'GorumaraNationalPark', 'indices': [13, 34]}, {'text': 'Northbengal', 'indices': [38, 50]}]",Twitter Web App,10
42,NV Raja Shekar,I am a retired Forest officer and wildlifer. Enjoy watching wildlife videos. Wish to spread awareness about Forest Conservation and wildlife protection.,"Hyderabad, India",False,2022-06-20 12:45:40,Destruction of car by a Two horned Rhinoceros in an African National Park. Such stalking and harassment of the Rhinoceros or any wild animal is not allowed in Indian National parks and Wildlife Sanctuaries. #wildlife https://t.co/Jhr3beEABk,,Twitter for iPhone,0
43,Torm28,My Name torm a Another of Me,,False,2022-06-20 07:22:55,"India's modern mammals there's the Asian elephant Nilgai Indian Rhinoceros Gaur water buffalo Barashinga Sambar Deer and Indian Wild boar 

#India #Animals #elephants #Mammals #Gaur #Waterbuffalo #Nilgai #Barashinga #Indianwildboar #Sambardeer #Indianrhino https://t.co/lVKOMMwad2",,Twitter for Android,1
44,Alokesh Bagchi,Love My Motherland.,,False,2022-06-18 06:35:31,@major_pawan @RahulKaswanMP Thick Skinned! Rhinoceros fails! Shameless Contemporary Indian Politicians! Jai Hind.,,Twitter for iPhone,0
45,Average History Teacher,"Dad. MA. Historian? History Teacher. former NPS, Former Museum Director. History, Ed, Politics and Cryptozoology. Views are mine alone. IG-cryptidhistory",La Florida ,False,2022-06-17 16:24:15,Shortly after taking a  photo this Indian Rhinoceros took a #2. With only something like 3500 Indian rhinos in the whole world I assured my wife I‚Äôm a part of an exclusive club of people who have witnessed an Indian Rhino poop. She is not entertained. https://t.co/BAP5XE1Ql6,,Twitter for iPhone,0
46,Educated Choices Program,Nonprofit Organization. We provide science-based education about the impact of food choices. üåéüëá,,False,2022-06-22 15:17:38,"#WorldRainforestDay‚ÄîNative rainforest species like the South American Tapir, a keystone species that resides in the amazon, are often forced into endangerment &amp; extinction. Tapirs serve a vital role in the local ecosystem as they disperse tree seeds &amp; improve forest biodiversity! https://t.co/W7mnvpC9wl","[{'text': 'WorldRainforestDay', 'indices': [0, 19]}]",Twitter Web App,2
47,Adam Tywoniak,"PhD student, one of #czexpats, * 361 ppm.
Ex @VSCHT, @UniHeidelberg, @mpi_mr_hd.
Science, trains, environmentalism, evidence-based shitposting.
üá®üáø üá™üá∫ he/him","Z√ºrich, CH",False,2022-06-17 18:46:44,@elsalwilliams Petition to introduce us to the South American tapir,,Twitter Web App,0
48,Elsa Williams,"Writer, unwieldy human. Shortlisted for @thousandfilmstv, words in @Independent","North West, England    ",False,2022-06-17 18:25:32,Don‚Äôt ask why I am dressed like I‚Äôm about to introduce you to the South American tapir https://t.co/39HckgGKpA,,Twitter for iPhone,0
49,Brian Lilly,"There is no fundamental difference between man and animals in their ability to feel pleasure and pain, happiness, and misery.‚Äù¬†
‚Äï¬†Charles Darwin","England, United Kingdom",False,2022-06-18 15:26:43,Happy 1st birthday to Hartmann‚Äôs mountain zebra 'Tamali'. Here she was at 1 week old @PaigntonZoo #zebra https://t.co/WkYVNC9e2T,"[{'text': 'zebra', 'indices': [98, 104]}]",Twitter Web App,1
50,Tswalu Kalahari,"Restoring the Kalahari through sustainable conservation, informed by research, supported by ecotourism. Follow #Tswalu",South Africa,False,2022-06-16 20:01:20,Hartmann‚Äôs mountain zebras are right at home in Tswalu‚Äôs semi-arid savannah. #mountainzebras #zebra #natgeotravel #natgeotravelpic #wildlifephotography https://t.co/n7W5qE84fF,"[{'text': 'mountainzebras', 'indices': [77, 92]}, {'text': 'zebra', 'indices': [93, 99]}, {'text': 'natgeotravel', 'indices': [100, 113]}]",LaterMedia,1
51,India in Canada,"Welcome to the official twitter account of the High Commission of India in Ottawa, Canada","Ottawa, Ontario",True,2022-06-23 16:13:24,Hollongapar Gibbon Sanctuary in #Assam &amp; Namdapha National Park in Arunachal Pradesh are the perfect place for sighting this amazing primate. The hoolock gibbon is #India ‚Äôs only ape &amp; both the species ‚Äì the Western hoolock gibbon &amp; the Eastern Hoolock gibbon. #DekhoApnaDesh https://t.co/8fwO5WRotx,"[{'text': 'Assam', 'indices': [32, 38]}]",Twitter Web App,0
52,Gibbon Bot,An Automated Gibbon Bot,,False,2022-06-20 22:03:44,Eastern Hoolock Gibbon (Hoolock leuconedys) https://t.co/cNQH93O6rm,,"Cheap Bots, Done Quick!",9
53,Keith Shields,,Hawkeye State,False,2022-06-21 03:32:28,"Central Decatur softball defeats Murray 8-7.
@d2mart @KMASports @terryfreeman53 @CNASports @ksibradio @MrKeeganSmith @Jar_Lar",,Twitter for Android,0
54,Zain,Human,World,False,2022-06-18 06:08:50,@Ashrafakbaba @BiruniKhorasan @Ab_O_Atash Mr. Parody you come to my replies &amp; ‚ù§Ô∏è tweets supporting Lar O Bar. Please pick a lane. Either support Lar O bar &amp; central failed state. Or support federal system.,,Twitter for iPhone,0
55,yks,it's not on you it's in you.|| https://t.co/4tBKYtYXsm to my youtube channel‚Ä¶,healing land ||,False,2022-06-17 19:12:56,That Bawo song by Samthing Soweto and the Soweto Central Chorus of the Salvation Army choir just hits the soul  man ü•π‚ù§Ô∏è,,Twitter for iPhone,0
56,@promisejos,Craftsman,"Abuja, Nigeria",False,2022-06-17 17:48:05,"@elrufai @MssZeeUsman OGA north central political leader;
Na only national party cheirman una fit dey accept. Right from Solomon'lar till today.
I get book for you.",,Twitter for Android,0
57,Toshi,#bitcoin,,False,2022-06-14 18:40:26,@Lar_Badar @BTC_Archive Don‚Äôt know if it is already law but Brazil was planning to give the responsibility of crypto regulation to the central bank of Brazil,,Twitter for iPhone,0
58,SmithsonianEnv,"We're the Smithsonian Environmental Research Center, the Smithsonian's home for the science of the coastal zone! 
Legal: https://t.co/dJOZaQ7IFu","Edgewater, Maryland",True,2022-06-23 15:55:04,"#PollinatorWeek Not all #pollinators are insects. Some are mammals! The largest known pollinator is the black-and-white ruffed lemur, which helps pollinate over 130 different fruits. Their long snouts and tongues dig into flowers for nectar and pollen. https://t.co/zRgtQvT3Lz https://t.co/A2MS1K41RU","[{'text': 'PollinatorWeek', 'indices': [0, 15]}, {'text': 'pollinators', 'indices': [24, 36]}]",Hootsuite Inc.,2
59,Wilder Institute,"Canada‚Äôs leading charitable conservation organization, taking and inspiring action to sustain wildlife and wild places.",,False,2022-06-23 15:00:18,The black &amp; white ruffed lemur opens flowers of the traveler's palm to access the nectar inside while their faces get covered in pollen that will be transferred to the next tree. Let's hear it for the world‚Äôs largest pollinators! #PollinatorWeek https://t.co/78LLI99hAo,,Meltwater Social,1
60,Newquay Zoo,"Zoo and conservation charity based in Newquay, Cornwall. ü¶Åüê∏üêµ","Newquay, England",True,2022-06-23 12:00:02,"üéâ We've got even more baby animal news for you!

Last week we introduced you to our three new black and white ruffed lemur babies. This week, it's time to meet our new-born warty piglets! 

Read the full story here: https://t.co/hhNLJfuz2A

üì∑ Miriam Haas https://t.co/C76fDoczHo",,Twitter Web App,1
61,Potter Park Zoo,"Potter Park Zoo is an AZA-accredited zoo with over 350 animals, many of which are endangered. Page managed by PPZS.","Lansing, Michigan",False,2022-06-22 13:01:57,"Have you made it to one of our keeper talks? These daily sessions led by our zookeepers give guests a chance to learn about their favorite animals!

10am Bald Eagle ü¶Ö, 10:30am Red Panda, 10:45am Ring-Tailed Lemur, 12pm Black Rhinoü¶è, 3pm Kangarooü¶ò, 4pm Magellanic Penguin üêß https://t.co/2cQK2z2KbM",,LaterMedia,0
62,EMERGENCY PAYING FOR COLLEGE COMMS OPEN @ B.L.M,Lvl 20 Leem | üáµüá∑ üá≥üáÆArtist | 2D Animator | Check Pinned Tweet! | They/She | S.O: peachee_bunbun | ALL COMMS OPEN | Icon by @MrLemur_Arts,,False,2022-06-22 02:42:10,"I don't trust people who complain about puritanism bc it's never actually about Puritans actively pushing and threatening Black, Indigenous POC with their ways of life or actively placing every obstacle under the sun for no other reason than forced assimilation/colonialism",,Twitter for Android,0
63,Dave Burnett,From South Yorkshire.,Sheffield UK,False,2022-06-21 17:25:18,"Photo taken at Yorkshire Wildlife Park, Doncaster.
Wikipedia......
""Black-and-white ruffed lemur
Conservation status
Critically Endangered.
The black-an  #Bear #GiantPanda #Mammal #Animal #Wildlife #Lemur #Zoo #Endangered https://t.co/M1gJdpZnUd",,Clickasnap,0
64,Chase Wildlife Conservancy,"üêí Our mission is to improve the lives of animals that have been previously neglected, abused or otherwise dealt an unfair hand by the human race.","Florida, USA",False,2022-06-21 17:01:18,"Black and white ruffed lemurs are active, tree-dwelling primates with catlike noses and whiskers. They have no trouble communicating with each other as their loud shrieks can be heard from half a mile. 

#lemur #conservation #wildlife #endangeredspecies #chaserescuesanctuary https://t.co/Uj5kKwrJgG",,practina,0
65,lemur every hour,my name is lemury... i post an image of a lemur every hour! bot account... DM @qqqqDaubentonia for question ‚≠ê (lemurs are never pets! read my pinned thread),,False,2022-06-21 16:50:50,@sansansansaname fun fact! it is possible for a black-and-white ruffed lemur and a red ruffed lemur to produce a hybrid individual!,,"Cheap Bots, Done Quick!",0
66,Wild Planet Trust,"Wild Planet Trust is a registered education and conservation charity that runs @paigntonzoo and @newquayzoo.
Based in Devon, UK. We're working for wildlife!",,False,2022-06-21 12:00:02,"Our zoo @NewquayZoo has recently welcomed three new black and white ruffed lemur babies, which is excellent news for this Critically Endangered species.

Read the full story here: https://t.co/2iA4Jy1P3W",,Twitter Web App,0
67,FCBian,"‚ÄúI have seen the player who will inherit my place in Argentine football and his name is Messi. Messi is a genius.‚Äù Diego Maradona.
For√ßa Bar√ßa üíô‚ù§Ô∏è @FCBarcelona",Catalunya,False,2022-06-21 05:42:47,@abhiheks000 @champ_lemur @getlord45678 @MadridXtra You guys invent whitening creams like being black is a disease. You guys think being African is embarassing while you yourself shit on railway tracks and live in slums. I'm not saying every Indian should be embarassed but you definitely should be,,Twitter for Android,0
68,Iameatingnow,,,False,2022-06-20 01:32:56,I am preparing red-bellied lemur as I despair over Marshall McLuhan.,,"Cheap Bots, Done Quick!",0
69,CotswoldWildlifePark,Closer to Wildlife! With over 260 Animal species in over 160 acres of stunning gardens and Parkland. Get eye-to-eye with Giraffe. Walk with Lemurs.,"Burford, Oxfordshire, OX18 4JP",False,2022-06-19 07:38:00,"For Father‚Äôs Day, we thought we‚Äôd celebrate some of the amazing dads at the Park in card form! From some of our long-standing dads, like Otis the red-bellied lemur and Bob the zebra, to some of our first time dads including Louis the camel and Bernard the ring-tailed lemur https://t.co/bb5YWbBfrS",,TweetDeck,3
70,üå∫ Zahzu @ ArtFight üëë,"üíúIn Memory of Nataniaü¶ì                                                 ü¶äüå∫ 8/24/2021 @ 1:20 AM üèµÔ∏èüåª                      
üëëLemur Queenüå∫||üíú@MuseTheHuskyüß°",She/They||‚ú°Ô∏è||Zoologist||BLM,False,2022-06-17 23:00:15,"4. üìö Josie
- Female Red-Bellied Lemur (Eulemur rubriventer)
- She's a Librarian (&amp; sometimes a lab assistant, depending on the AU)
- A bit frazzled and shy, but very meticulous most of the time &amp; dedicated to whatever work she's tasked with!
- SNORTS WHEN SHE LAUGHS ü•∫üíú https://t.co/cPzbMvjuV9",,Twitter for Android,0
71,Potter Park Zoo,"Potter Park Zoo is an AZA-accredited zoo with over 350 animals, many of which are endangered. Page managed by PPZS.","Lansing, Michigan",False,2022-06-22 13:01:57,"Have you made it to one of our keeper talks? These daily sessions led by our zookeepers give guests a chance to learn about their favorite animals!

10am Bald Eagle ü¶Ö, 10:30am Red Panda, 10:45am Ring-Tailed Lemur, 12pm Black Rhinoü¶è, 3pm Kangarooü¶ò, 4pm Magellanic Penguin üêß https://t.co/2cQK2z2KbM",,LaterMedia,0
72,Antares,,,False,2022-06-22 11:32:19,"@saim_fcb @champ_lemur @RealMadridXtra Ok give the first yellow to Casemiro and Ancelotti will sub him, but then give the red to Rodri and we are even.",,Twitter Web App,0
73,Antares,,,False,2022-06-22 11:25:33,@champ_lemur @saim_fcb @RealMadridXtra He didn't even mention the Rodri's slap on Modric's face. That should've been a red card for City,,Twitter Web App,0
74,PopArtByElena,An Actress/singer who has decided to follow her dream of being an artist full time. Influenced by many pop artists before her.,"Virginia, USA",False,2022-06-22 03:07:07,"New artwork for sale! - ""Ruffles the Red Ruffed Lemur "" - https://t.co/V6R9V6cf3f @fineartamerica https://t.co/gKTa6nuTLG",,Fine Art America,1
75,lemur every hour,my name is lemury... i post an image of a lemur every hour! bot account... DM @qqqqDaubentonia for question ‚≠ê (lemurs are never pets! read my pinned thread),,False,2022-06-21 16:50:50,@sansansansaname fun fact! it is possible for a black-and-white ruffed lemur and a red ruffed lemur to produce a hybrid individual!,,"Cheap Bots, Done Quick!",0
76,childhoodobject,"Ever lost an favorite childhood toy? Might it be here? By @JPJGarvin, hosted using CBDQ",,False,2022-06-21 13:05:08,"My childhood toy was a red lemur, I wonder where it went.",,"Cheap Bots, Done Quick!",0
77,sweet nothings,"to punkin - you're the bee / you're her knees / you're the unicorn's sparkly sneeze. daily sweet, absurd nothings. A Twitter bot by button, aka @MrPatch","in your ear, softly whispered",False,2022-06-21 03:43:41,"üåπ ü•Ä
 you're the lemur‚Äôs favorite red cloak
 you're Virginia Woolf's huge, brave mustangs
 üíê üçå",,"Cheap Bots, Done Quick!",0
78,Creatures from elsewhere,"A nature documentary, from the hidden places. New creature every three hours. Created and maintained by @blairpallen",,False,2022-06-21 03:33:04,"A seventeen legged red lemur, hovering over the damp mind. It parasitizes gaggles of fifty armed redish centaurs.",,"Cheap Bots, Done Quick!",0
79,AOS68,Break the church/school connection. Catholic church's history of abusing that connection demands it.,,False,2022-06-20 23:19:52,"@Lemur_X_ @siennamarla there is absolutely none,  their existence now is to be one of 3 available skins for the tory party, blue red or yellow",,Twitter for Android,0
80,Butterfly Cat,"32 ‚Ä¢ cisüö∫ ‚Ä¢ ‚ö¢ ‚Ä¢ Biracial brown baby.
Fursuits, Art, and Secondlifeüíó 
DON'T REPOST MY CONTENT 
I'm a murrsuiter/adult artist
No minors.","Bozeman, MT",False,2022-06-20 19:46:41,"My new work on Rex has already gotten ""I thought she was a red panda""

I'm prepared for people to have no idea what she is.

People still think Rio is a lemur.",,Twitter for Android,0
81,pov youre just a little guy,"girl help. i am drowning. there is no sign of land. you are coming down with me
no longer being updated | in no way associated with @junkoupdates",run by @veralization,False,2022-06-22 07:52:22,"Species- Goodman's mouse lemur, bear, starfish, sand, pot belly pig, cactus, spool of copper wire, wood chips and possibly spider (actually 'Mort')",,"Cheap Bots, Done Quick!",0
82,pov youre just a little guy,"girl help. i am drowning. there is no sign of land. you are coming down with me
no longer being updated | in no way associated with @junkoupdates",run by @veralization,False,2022-06-21 02:52:25,"Species- Goodman's mouse lemur, bear, starfish, sand, pot belly pig, cactus, spool of copper wire, wood chips and possibly spider (actually 'Mort')",,"Cheap Bots, Done Quick!",0
83,pov youre just a little guy,"girl help. i am drowning. there is no sign of land. you are coming down with me
no longer being updated | in no way associated with @junkoupdates",run by @veralization,False,2022-06-18 02:22:57,"Species- Goodman's mouse lemur, bear, starfish, sand, pot belly pig, cactus, spool of copper wire, wood chips and possibly spider (actually 'Mort')",,"Cheap Bots, Done Quick!",0
84,pov youre just a little guy,"girl help. i am drowning. there is no sign of land. you are coming down with me
no longer being updated | in no way associated with @junkoupdates",run by @veralization,False,2022-06-17 06:53:21,"Species- Goodman's mouse lemur, bear, starfish, sand, pot belly pig, cactus, spool of copper wire, wood chips and possibly spider (actually 'Mort')",,"Cheap Bots, Done Quick!",0
85,Ari 123,,,False,2022-06-18 15:31:56,"@PlayAdoptMe @Minions @illumination You should do a new update after the minion update like a mountain egg and the pets that should be in side like a lynx,mountain lion,brown bear,Chamois,Golden eagle,L'Hoest's monkey,Chinchilla,Bearded vulture and thats it but how rare it is..... up to you.",,Twitter Web App,0
86,NEPrimateConservancy,Committed to leaving a legacy of hope ‚Äãand tools to build a better tomorrow for all the Earth's citizens,New England,False,2022-06-16 10:45:56,"Semi-terrestrial, sun-tailed monkeys spend more time on the ground during the dry season vs. the wet season. Foraging mainly occurs on the ground and begins at dawn. They also climb and leap in trees and occasionally walk bipedally. More: https://t.co/oGNtdON4It #primates https://t.co/SdHwiWHfE7",,Twitter Web App,0
87,ü¶ßScowlin Munkeh,"CO2 326.6 PPM at birth, now 420 PPM. Learning the science and global impact of #climatechange. ü¶ß #saveorangutans ü¶ß","Cardiff, UK",False,2022-06-21 09:12:09,"@cfoxthesound @londonstereo Great blog post! I have that book, which is superb. 

However, using the provided viewer I could never get the ‚ÄúKing Colobus‚Äù image to work.

I have just managed to freeview it thanks to your blog post! I‚Äôm not sure what made it easier - a smaller image perhaps?",,Twitter for iPhone,0
88,dana,,,False,2022-06-22 19:24:27,@Longleat I'm gonna take a photo and record a video to the Black and White Colobus when I visit to Longleat Zoo üòÉüì∏üìπüñ§ü§çüêí,,Twitter Web App,0
89,Laura Porter,London writer with an impressive afternoon tea addiction. Portrait by @Dazeley. Substack newsletter signup: https://t.co/LuG7WXbrcu,"London, England",True,2022-06-21 12:02:17,A new landmark exhibit will open this summer at @ZSLLondonZoo as its iconic former Snowdon Aviary becomes its new Monkey Valley attraction for the Zoo's troop of black and white colobus monkeys. https://t.co/09AD45yaAm,,Buffer,0
90,Jay Stone,"Husband, environmental educator, tired, occasional optimist, contains multitudes. Pronouns: he/him","California, USA",False,2022-06-21 04:32:09,"Alt text: a sign from the Syracuse Zoo showing multiple photos of black and white colobus monkeys, explaining they are not sad, that's just how their faces are.",,Twitter Web App,0
91,Overland Safaris,"Safari company in East Africa with offices in Tanzania. We are looking for travel agents to work together. 
WhatsApp: 
+255768122054
info@overlandsafaris.co.tz",Tanzania,False,2022-06-17 12:52:53,"6 Day Tanzania Cultural Tourism Safari 
Full-day walking safari in Arusha National Park, You can easily start viewing the populations of wildlife like the giraffe, buffalo, zebras, and black and white colobus monkeys just over 30 minutes drive from Arusha.
https://t.co/G9nN9LKuCs https://t.co/szqtaMDgNS",,Twitter Web App,0
92,Nshama Fifi,ndyomuhima gye,,False,2022-06-16 07:22:55,"Key species found within this reserve include elephants, buffaloes, Uganda Kob, Waterbuck, Warthog, Giant Forest Hog, and Primates such as Vervet monkeys, Red-tailed and Black and White Colobus monkeys plus many more https://t.co/aNXaUJDPsd",,Twitter Web App,0
93,Creature Repeater,So many animals! Made with https://t.co/XpDuja7Q2I and https://t.co/DoQviL31eR. Bleep Bloop!,"Los Angeles, CA",False,2022-06-14 18:37:46,It's a magistrate black colobus eat magistrate black colobus world out there.,,"Cheap Bots, Done Quick!",0
94,AYEDUASE PULISIC,KNUSTüìö || Aviation ‚úàÔ∏è||Host #AbrokyireNkomo space|| travel Youtuberüß≥ üåç ||1% CHANCE ‚è≥ 99% FAITH üõê. BUSINESS: E-mail: ayeduasep@gmail.com #AnythingGhanaüá¨üá≠,Ayeduase,False,2022-06-14 14:41:15,"include Elephant, Buffalo, Kob, Western Hartebeest, Roan Antelope, Defassa Waterbuck, Oribi, Bohor Reedbuck and Red-flanked Duiker. Rare and endangered species include the Yellow-backed Duiker, Black and White Colobus Monkey, Leopard and Lion. The Park is also home to 334 bird",,Twitter for iPhone,9
95,Yala Safaris Uganda,"""Discover Uganda's Nature Today""","Kampala, Uganda",False,2022-06-14 09:35:00,"The beautiful black and white colobus monkeys in the pearl of Africa. Find these amazing primates in Kibale forest national park, Mgahinga national park among others.
Visit: https://t.co/fXriChiwsO
Email: info@yalasafarisuganda.com
Call: +256 392960394
WhatsApp: +256 703514218. https://t.co/GH0iCl58zG",,Twitter Web App,0
96,World Land Trust,"WLT is an international conservation charity. Saving land, saving species. Patrons: Sir David Attenborough, Chris Packham, Steve Backshall & David Gower","Suffolk, UK",True,2022-06-20 12:02:48,"The Stump-tailed Macaque is just one of hundreds of species supported by @wti_org_india's Garo Green Spine üêµ

There's a crucial gap in this network of protected areas ‚Äì but with #ProjectMongmaRama, you can fill it with a new elephant corridor!

üêò https://t.co/O3sq9qFPMf üêò https://t.co/NIt3hh68Yn",,Hootsuite Inc.,3
97,Martin Walsh,"Writer, travelling the world with a basketball.","Da Lat, Vietnam",False,2022-06-23 03:48:45,"3,000th INaturalist observation. That's a fair amount of data. Also the first decent photo I have managed of the relict population of Northern Pig-Tailed Macaque in Da Lat. These guys are very hard to find here.

https://t.co/jD4mvcKiRe https://t.co/qDdSeluEV7",,Twitter Web App,0
98,dev's wonderful pet and object ruiner,"bot i made when i was bored
@devwaspog, @devnottaken",44.8553¬∞N 93.2425¬∞W,False,2022-06-23 18:36:41,We put Ashley Chin's pet mandrill (who works as an wizard) and their pants in a cantaloupe and now they are feeling wasted,,"Cheap Bots, Done Quick!",0
99,ImNotABot,This is a bot used as a test subject. It says a greek god slayed a greek monster while riding an animal and also eating a vegetable.,,False,2022-06-23 18:13:07,Hemera slayed a monster called Manticore while riding a mandrill while also eating a vegetable called a broccoflower,,"Cheap Bots, Done Quick!",0
100,armedimals,,,False,2022-06-23 17:51:59,mandrill with a spork,,"Cheap Bots, Done Quick!",0
101,Survey Says,Name something by @irondavy,,False,2022-06-23 17:50:26,"Name something you might have to get a credit check for.
[70] Mandrill
[30] Nuclear Fission Power",,Flamily Feud,0
102,SCAD Atlanta Radio Playlist,"SCAD Atlanta Radio makes student-produced, non-commercial radio available to listeners on campus and all over the globe via mp3 stream.",SCAD Atlanta,False,2022-06-23 16:31:06,Just played: Martin Gore - Mandrill (The Third Chimpanzee),,ScadATL's Playlist,0
103,IDoThisBot,Randomly generates things that I do.  Tweets by creator signed -AL,,False,2022-06-23 16:24:35,I sympathise with the mandrill when they attack,,"Cheap Bots, Done Quick!",0
104,Pete,#Trump The President That Actually Cared about #America1st #AnimalArtist #IFB,,False,2022-06-23 15:32:35,Mandrill #Baboon - Available on #GreetingCards #Pillows #CoffeeMugs #Coasters #Bathmats #WallPrints #Tshirts #PhoneCases #Tapestry #Socks #BedComforters #ShowerCurtains #Hoodies #Blankets #Magnets #Masks #Clocks #ThrowPillows #Posters #Redbubble https://t.co/6Pm3xLYRwT https://t.co/J2PwUNxHjz,"[{'text': 'Baboon', 'indices': [9, 16]}, {'text': 'GreetingCards', 'indices': [32, 46]}, {'text': 'Pillows', 'indices': [47, 55]}, {'text': 'CoffeeMugs', 'indices': [56, 67]}, {'text': 'Coasters', 'indices': [68, 77]}, {'text': 'Bathmats', 'indices': [78, 87]}, {'text': 'WallPrints', 'indices': [88, 99]}, {'text': 'Tshirts', 'indices': [100, 108]}]",OneUp App,0
105,Mike,naturist photographer scuba diver life model? artist? poet?,"Newport gwent Wales, ",False,2022-06-23 15:07:12,"@artistmunch That's more a baboon or mandrill, not a gorilla",,Twitter for Android,0
106,JackZeus,"Glasgow bhoy üè¥Û†ÅßÛ†Å¢Û†Å≥Û†Å£Û†Å¥Û†ÅøüçÄ 

I ‚ù§Ô∏è NFTs

My imagination is the key...","Perth, Western Australia",False,2022-06-23 14:55:10,"Just minted this @spunmonkes for free !

I got a Mandrill breed !

How cool is he !? 

He's actually wearing real sunglasses haha !! https://t.co/xkbQJMH7mM",,Twitter Web App,0
107,dev's wonderful pet and object ruiner,"bot i made when i was bored
@devwaspog, @devnottaken",44.8553¬∞N 93.2425¬∞W,False,2022-06-23 13:57:44,We put Bill Bailey's pet mandrill (who works as an wizard) and their clothes in a clementine and now they are feeling sleepy,,"Cheap Bots, Done Quick!",0
108,GeekysCorner,I draw on my main @GeekyTheArtist ‚Ä¢ I'm asexual biromantic and go by any pronouns under the sun ‚Ä¢ I joke around here to avoid my crippling anxiety,Gay Land With The Bois,False,2022-06-22 02:32:01,"Mountain Goat, Mountain Tree Shrew, Mountain Zebra, Domestic Mouse, Moustached Tamarin, Mule Deer, Musk-ox, Natterer's Bat, New Zealand Sea Lion, Nilgiri Langur, Noctule, North American Porcupine, Northern Elephant Seal, Norther Fur Seal, Northern Quoll, Olympic Marmot,",,Twitter for Android,0
109,Shrikant M. Kelkar,"I work as a ‚ÄúHindu Priest  i.e. Guruji‚Äù Those  interested can contact me ...
Tel   : + 91 9821443923 / 22-25442123 
Mail : info@kelkarguruji.com",Mumbai,False,2022-06-22 05:26:53,#Capped #Langur | #Herbivorous | #Natural #Habitat Is #Subtropical Or #Tropical... https://t.co/P2DAgMb3KJ via @YouTube,"[{'text': 'Capped', 'indices': [0, 7]}, {'text': 'Langur', 'indices': [8, 15]}, {'text': 'Herbivorous', 'indices': [18, 30]}, {'text': 'Natural', 'indices': [33, 41]}, {'text': 'Habitat', 'indices': [42, 50]}, {'text': 'Subtropical', 'indices': [54, 66]}, {'text': 'Tropical', 'indices': [70, 79]}]",Twitter Web App,0
110,Velvet Touch,"I enjoy life and those I love. I've never met a stranger, just someone I haven't talked to yet.",,False,2022-06-15 04:27:50,"Baby samango monkey meets the troop, baby monkey gets bad bite to the tail https://t.co/q3kyUPyvpQ via @YouTube",,Twitter Web App,0
111,Photowind,"Enjoy amazing and beautiful pictures from all over the world.
#nature #travel #art",,False,2022-06-17 07:58:17,"The red-faced spider monkey also known as the Guiana spider monkey or red-faced black spider monkey, is a species of spider monkey found in the rain forests in northern South America. 

üì∏ @birgitgeulmann https://t.co/Cv1zPqaxjX",,Twitter for Android,0
112,Ginny,"Conservatarian, Artist, Extreme Croquet Pro, and Generally Wonderful Person!",Gator in The Buckeye State,False,2022-06-16 13:49:10,@ktcat ‚ÄúCrab-Eating Macaque‚Äù or ‚ÄúBald Uakari‚Äù are hard to top for name-calling some of the WHO members.,,Twitter for iPad,0
